<?xml version="1.0" encoding="UTF-8"?>
<beans xmlns="http://www.springframework.org/schema/beans"
    xmlns:xsi="http://www.w3.org/2001/XMLSchema-instance" 
    xmlns:context="http://www.springframework.org/schema/context"
    xsi:schemaLocation="http://www.springframework.org/schema/beans
    http://www.springframework.org/schema/beans/spring-beans.xsd
    http://www.springframework.org/schema/context
    http://www.springframework.org/schema/context/spring-context.xsd">

	<bean id="techMojoAPIController" class="com.techmojo.springapp.TechMojoAPIController">
		<property name="techMojoApiImpl" ref="techMojoApiImpl"></property>
	</bean>
	
	<bean id="techMojoApiImpl" class="com.techmojo.springapp.TechMojoApiImpl">
	</bean>
	
	<bean id="tenantUtil" class="com.techmojo.util.TenantUtil">
	</bean>
	
	<bean id="loadOnStartUp" class="com.techmojo.springapp.LoadOnStartUp">
	</bean>


</beans>